script,grapheme,unicode,IPA,comment,source,omniglot
Chechen ,а,U+0430,ɑ,,"Dotton & Doyle Wagner, Zura & John. A grammar of Chechen, pp. 5-6.",https://www.omniglot.com/writing/chechen.htm
Chechen ,а,U+0430,ɑː,,"Dotton & Doyle Wagner, Zura & John. A grammar of Chechen, pp. 5-6.",https://www.omniglot.com/writing/chechen.htm
Chechen ,а,U+0430,ə,,"Dotton & Doyle Wagner, Zura & John. A grammar of Chechen, pp. 5-6.",https://www.omniglot.com/writing/chechen.htm
Chechen ,аь,U+0430 U+044C,æ,,"Dotton & Doyle Wagner, Zura & John. A grammar of Chechen, pp. 5-6.",https://www.omniglot.com/writing/chechen.htm
Chechen ,аь,U+0430 U+044C,æː,,"Dotton & Doyle Wagner, Zura & John. A grammar of Chechen, pp. 5-6.",https://www.omniglot.com/writing/chechen.htm
Chechen ,б,U+0431,b,,"Dotton & Doyle Wagner, Zura & John. A grammar of Chechen, pp. 5-6.",https://www.omniglot.com/writing/chechen.htm
Chechen ,в,U+0432,w,,"Dotton & Doyle Wagner, Zura & John. A grammar of Chechen, pp. 5-6.",https://www.omniglot.com/writing/chechen.htm
Chechen ,в,U+0432,v,,"Dotton & Doyle Wagner, Zura & John. A grammar of Chechen, pp. 5-6.",https://www.omniglot.com/writing/chechen.htm
Chechen ,г,U+0433,g,,"Dotton & Doyle Wagner, Zura & John. A grammar of Chechen, pp. 5-6.",https://www.omniglot.com/writing/chechen.htm
Chechen ,гӀ,U+0433 U+04C0,ɣ,,"Dotton & Doyle Wagner, Zura & John. A grammar of Chechen, pp. 5-6.",https://www.omniglot.com/writing/chechen.htm
Chechen ,д,U+0434,d,,"Dotton & Doyle Wagner, Zura & John. A grammar of Chechen, pp. 5-6.",https://www.omniglot.com/writing/chechen.htm
Chechen ,е,U+0435,ɛ,,"Dotton & Doyle Wagner, Zura & John. A grammar of Chechen, pp. 5-6.",https://www.omniglot.com/writing/chechen.htm
Chechen ,е,U+0435,ɛː,,"Dotton & Doyle Wagner, Zura & John. A grammar of Chechen, pp. 5-6.",https://www.omniglot.com/writing/chechen.htm
Chechen ,ё,U+0451,jo,,"Dotton & Doyle Wagner, Zura & John. A grammar of Chechen, pp. 5-6.",https://www.omniglot.com/writing/chechen.htm
Chechen ,ж,U+0436,ʒ,,"Dotton & Doyle Wagner, Zura & John. A grammar of Chechen, pp. 5-6.",https://www.omniglot.com/writing/chechen.htm
Chechen ,ж,U+0436,dʒ,,"Dotton & Doyle Wagner, Zura & John. A grammar of Chechen, pp. 5-6.",https://www.omniglot.com/writing/chechen.htm
Chechen ,з,U+0437,z,,"Dotton & Doyle Wagner, Zura & John. A grammar of Chechen, pp. 5-6.",https://www.omniglot.com/writing/chechen.htm
Chechen ,з,U+0437,dz,,"Dotton & Doyle Wagner, Zura & John. A grammar of Chechen, pp. 5-6.",https://www.omniglot.com/writing/chechen.htm
Chechen ,и,U+0438,i,,"Dotton & Doyle Wagner, Zura & John. A grammar of Chechen, pp. 5-6.",https://www.omniglot.com/writing/chechen.htm
Chechen ,и,U+0438,iː,,"Dotton & Doyle Wagner, Zura & John. A grammar of Chechen, pp. 5-6.",https://www.omniglot.com/writing/chechen.htm
Chechen ,й,U+0439,j,,"Dotton & Doyle Wagner, Zura & John. A grammar of Chechen, pp. 5-6.",https://www.omniglot.com/writing/chechen.htm
Chechen ,к,U+043A,k,,"Dotton & Doyle Wagner, Zura & John. A grammar of Chechen, pp. 5-6.",https://www.omniglot.com/writing/chechen.htm
Chechen ,кх,U+043A U+0445,q,,"Dotton & Doyle Wagner, Zura & John. A grammar of Chechen, pp. 5-6.",https://www.omniglot.com/writing/chechen.htm
Chechen ,къ,U+043A U+044A,qʼ,,"Dotton & Doyle Wagner, Zura & John. A grammar of Chechen, pp. 5-6.",https://www.omniglot.com/writing/chechen.htm
Chechen ,къ,U+043A U+044A,qX’,,"Dotton & Doyle Wagner, Zura & John. A grammar of Chechen, pp. 5-6.",https://www.omniglot.com/writing/chechen.htm
Chechen ,кӀ,U+043A U+04C0,khʼ,,"Dotton & Doyle Wagner, Zura & John. A grammar of Chechen, pp. 5-6.",https://www.omniglot.com/writing/chechen.htm
Chechen ,кӀ,U+043A U+04C0,kʼ,,"Dotton & Doyle Wagner, Zura & John. A grammar of Chechen, pp. 5-6.",https://www.omniglot.com/writing/chechen.htm
Chechen ,л,U+043B,l,,"Dotton & Doyle Wagner, Zura & John. A grammar of Chechen, pp. 5-6.",https://www.omniglot.com/writing/chechen.htm
Chechen ,м,U+043C,m,,"Dotton & Doyle Wagner, Zura & John. A grammar of Chechen, pp. 5-6.",https://www.omniglot.com/writing/chechen.htm
Chechen ,н,U+043D,n,,"Dotton & Doyle Wagner, Zura & John. A grammar of Chechen, pp. 5-6.",https://www.omniglot.com/writing/chechen.htm
Chechen ,н,U+043D,ŋ,,"Dotton & Doyle Wagner, Zura & John. A grammar of Chechen, pp. 5-6.",https://www.omniglot.com/writing/chechen.htm
Chechen ,о,U+043E,o,,"Dotton & Doyle Wagner, Zura & John. A grammar of Chechen, pp. 5-6.",https://www.omniglot.com/writing/chechen.htm
Chechen ,о,U+043E,oː,,"Dotton & Doyle Wagner, Zura & John. A grammar of Chechen, pp. 5-6.",https://www.omniglot.com/writing/chechen.htm
Chechen ,о,U+043E,wo,,"Dotton & Doyle Wagner, Zura & John. A grammar of Chechen, pp. 5-6.",https://www.omniglot.com/writing/chechen.htm
Chechen ,оь,U+043E U+044C,ø,,"Dotton & Doyle Wagner, Zura & John. A grammar of Chechen, pp. 5-6.",https://www.omniglot.com/writing/chechen.htm
Chechen ,оь,U+043E U+044C,ɥø,,"Dotton & Doyle Wagner, Zura & John. A grammar of Chechen, pp. 5-6.",https://www.omniglot.com/writing/chechen.htm
Chechen ,п,U+043F,p,,"Dotton & Doyle Wagner, Zura & John. A grammar of Chechen, pp. 5-6.",https://www.omniglot.com/writing/chechen.htm
Chechen ,пӀ,U+043F U+04C0,phʼ,,"Dotton & Doyle Wagner, Zura & John. A grammar of Chechen, pp. 5-6.",https://www.omniglot.com/writing/chechen.htm
Chechen ,пӀ,U+043F U+04C0,pʼ,,"Dotton & Doyle Wagner, Zura & John. A grammar of Chechen, pp. 5-6.",https://www.omniglot.com/writing/chechen.htm
Chechen ,р,U+0440,r̥,,"Dotton & Doyle Wagner, Zura & John. A grammar of Chechen, pp. 5-6.",https://www.omniglot.com/writing/chechen.htm
Chechen ,р,U+0440,r,,"Dotton & Doyle Wagner, Zura & John. A grammar of Chechen, pp. 5-6.",https://www.omniglot.com/writing/chechen.htm
Chechen ,с,U+0441,s,,"Dotton & Doyle Wagner, Zura & John. A grammar of Chechen, pp. 5-6.",https://www.omniglot.com/writing/chechen.htm
Chechen ,т,U+0442,t,,"Dotton & Doyle Wagner, Zura & John. A grammar of Chechen, pp. 5-6.",https://www.omniglot.com/writing/chechen.htm
Chechen ,тӀ,U+0442 U+04C0,thʼ,,"Dotton & Doyle Wagner, Zura & John. A grammar of Chechen, pp. 5-6.",https://www.omniglot.com/writing/chechen.htm
Chechen ,тӀ,U+0442 U+04C0,tʼ,,"Dotton & Doyle Wagner, Zura & John. A grammar of Chechen, pp. 5-6.",https://www.omniglot.com/writing/chechen.htm
Chechen ,у,U+0443,u,,"Dotton & Doyle Wagner, Zura & John. A grammar of Chechen, pp. 5-6.",https://www.omniglot.com/writing/chechen.htm
Chechen ,у,U+0443,uː,,"Dotton & Doyle Wagner, Zura & John. A grammar of Chechen, pp. 5-6.",https://www.omniglot.com/writing/chechen.htm
Chechen ,уь,U+0443 U+044C,y,,"Dotton & Doyle Wagner, Zura & John. A grammar of Chechen, pp. 5-6.",https://www.omniglot.com/writing/chechen.htm
Chechen ,уь,U+0443 U+044C,yː,,"Dotton & Doyle Wagner, Zura & John. A grammar of Chechen, pp. 5-6.",https://www.omniglot.com/writing/chechen.htm
Chechen ,ф,U+0444,f,,"Dotton & Doyle Wagner, Zura & John. A grammar of Chechen, pp. 5-6.",https://www.omniglot.com/writing/chechen.htm
Chechen ,х,U+0445,x,,"Dotton & Doyle Wagner, Zura & John. A grammar of Chechen, pp. 5-6.",https://www.omniglot.com/writing/chechen.htm
Chechen ,хь,U+0445 U+044C,ʜ,,"Dotton & Doyle Wagner, Zura & John. A grammar of Chechen, pp. 5-6.",https://www.omniglot.com/writing/chechen.htm
Chechen ,хӀ,U+0445 U+04C0,h,,"Dotton & Doyle Wagner, Zura & John. A grammar of Chechen, pp. 5-6.",https://www.omniglot.com/writing/chechen.htm
Chechen ,ц,U+0446,ts,,"Dotton & Doyle Wagner, Zura & John. A grammar of Chechen, pp. 5-6.",https://www.omniglot.com/writing/chechen.htm
Chechen ,цӀ,U+0446 U+04C0,tshʼ,,"Dotton & Doyle Wagner, Zura & John. A grammar of Chechen, pp. 5-6.",https://www.omniglot.com/writing/chechen.htm
Chechen ,цӀ,U+0446 U+04C0,tsʼ,,"Dotton & Doyle Wagner, Zura & John. A grammar of Chechen, pp. 5-6.",https://www.omniglot.com/writing/chechen.htm
Chechen ,ч,U+0447,tʃ,,"Dotton & Doyle Wagner, Zura & John. A grammar of Chechen, pp. 5-6.",https://www.omniglot.com/writing/chechen.htm
Chechen ,чӀ,U+0447 U+04C0,tʃhʼ,,"Dotton & Doyle Wagner, Zura & John. A grammar of Chechen, pp. 5-6.",https://www.omniglot.com/writing/chechen.htm
Chechen ,чӀ,U+0447 U+04C0,tʃʼ,,"Dotton & Doyle Wagner, Zura & John. A grammar of Chechen, pp. 5-6.",https://www.omniglot.com/writing/chechen.htm
Chechen ,ш,U+0448,ʃ,,"Dotton & Doyle Wagner, Zura & John. A grammar of Chechen, pp. 5-6.",https://www.omniglot.com/writing/chechen.htm
Chechen ,щ,U+0449,,,"Dotton & Doyle Wagner, Zura & John. A grammar of Chechen, pp. 5-6.",https://www.omniglot.com/writing/chechen.htm
Chechen ,ъ,U+044A,ʔ,,"Dotton & Doyle Wagner, Zura & John. A grammar of Chechen, pp. 5-6.",https://www.omniglot.com/writing/chechen.htm
Chechen ,ы,U+044B,,,"Dotton & Doyle Wagner, Zura & John. A grammar of Chechen, pp. 5-6.",https://www.omniglot.com/writing/chechen.htm
Chechen ,ь,U+044C,,,"Dotton & Doyle Wagner, Zura & John. A grammar of Chechen, pp. 5-6.",https://www.omniglot.com/writing/chechen.htm
Chechen ,э,U+044D,je,,"Dotton & Doyle Wagner, Zura & John. A grammar of Chechen, pp. 5-6.",https://www.omniglot.com/writing/chechen.htm
Chechen ,ю,U+044E,ju,,"Dotton & Doyle Wagner, Zura & John. A grammar of Chechen, pp. 5-6.",https://www.omniglot.com/writing/chechen.htm
Chechen ,юь,U+044E U+044C,jy,,"Dotton & Doyle Wagner, Zura & John. A grammar of Chechen, pp. 5-6.",https://www.omniglot.com/writing/chechen.htm
Chechen ,я,U+044F,ja,,"Dotton & Doyle Wagner, Zura & John. A grammar of Chechen, pp. 5-6.",https://www.omniglot.com/writing/chechen.htm
Chechen ,яь,U+044F U+044C,jæ,,"Dotton & Doyle Wagner, Zura & John. A grammar of Chechen, pp. 5-6.",https://www.omniglot.com/writing/chechen.htm
Chechen ,Ӏ,U+04C0,ʡ,,"Dotton & Doyle Wagner, Zura & John. A grammar of Chechen, pp. 5-6.",https://www.omniglot.com/writing/chechen.htm
Chechen ,Ӏ,U+04C0,ˤ,,"Dotton & Doyle Wagner, Zura & John. A grammar of Chechen, pp. 5-6.",https://www.omniglot.com/writing/chechen.htm
